{"count":1,"self":23.2267056,"total":25.6679015,"children":{"InitializeActuators":{"count":1,"self":0.00099739999999999985,"total":0.00099739999999999985,"children":null},"InitializeSensors":{"count":1,"self":0.00099739999999999985,"total":0.00099739999999999985,"children":null},"AgentSendState":{"count":1369,"self":0.009312899999999999,"total":0.064559499999999992,"children":{"CollectObservations":{"count":1369,"self":0.028451999999999998,"total":0.028451999999999998,"children":null},"WriteActionMask":{"count":1369,"self":0.0016018999999999999,"total":0.0016018999999999999,"children":null},"RequestDecision":{"count":1369,"self":0.0019978,"total":0.0251927,"children":{"AgentInfo.ToProto":{"count":1369,"self":0.0038756999999999997,"total":0.023194899999999997,"children":{"GenerateSensorData":{"count":1369,"self":0.019319199999999998,"total":0.019319199999999998,"children":null}}}}}}},"DecideAction":{"count":1369,"self":2.3597224,"total":2.3597223,"children":null},"AgentAct":{"count":1369,"self":0.0129219,"total":0.0129219,"children":null},"AgentInfo.ToProto":{"count":10,"self":0,"total":0,"children":{"GenerateSensorData":{"count":10,"self":0,"total":0,"children":null}}}},"gauges":{"CarBehavior.CumulativeReward":{"count":10,"max":-22.15,"min":-46.2499046,"runningAverage":-28.789999,"value":-22.15,"weightedAverage":-25.1170063}},"metadata":{"timer_format_version":"0.1.0","start_time_seconds":"1637766850","unity_version":"2021.1.24f1","command_line_arguments":"c:\\Users\\ralad\\OneDrive\\Desktop\\Test\\4444_project.exe --mlagents-port 5005","communication_protocol_version":"1.5.0","com.unity.ml-agents_version":"2.1.0-exp.1","scene_name":"Scene1 1","end_time_seconds":"1637766875"}}